{
    "level": [
        "XXXXXXXXXXXXXXXXXXXXXXXXX",
        "X                        ",
        "X                        ",
        "X                        ",
        "X                        ",
        "X                        ",
        "X                        ",
        "X                        ",
        "X                        ",
        "X                        ",
        "X                        ",
        "X                        ",
        "X                        ",
        "X                        ",
        "X     X   X              ",
        "XXXXXX   X               ",
        "X                        ",
        "X    XX       X         X",
        " XXX                     "
    ],
    "textures": {
        "X": [
            "textures/blocks/stone_texture.png",
            "textures/blocks/grass_texture.png",
            "textures/blocks/dirt_texture.png"
        ],
        "F": [
            "textures/food/pixel-frame-0.png",
            "textures/food/pixel-frame-1.png",
            "textures/food/pixel-frame-2.png",
            "textures/food/pixel-frame-3.png",
            "textures/food/pixel-frame-4.png",
            "textures/food/pixel-frame-5.png",
            "textures/food/pixel-frame-6.png",
            "textures/food/pixel-frame-7.png",
            "textures/food/pixel-frame-8.png",
            "textures/food/pixel-frame-9.png",
            "textures/food/pixel-frame-10.png",
            "textures/food/pixel-frame-11.png",
            "textures/food/pixel-frame-12.png",
            "textures/food/pixel-frame-13.png",
            "textures/food/pixel-frame-14.png",
            "textures/food/pixel-frame-15.png",
            "textures/food/pixel-frame-16.png",
            "textures/food/pixel-frame-17.png",
            "textures/food/pixel-frame-18.png",
            "textures/food/pixel-frame-19.png",
            "textures/food/pixel-frame-20.png",
            "textures/food/pixel-frame-21.png",
            "textures/food/pixel-frame-22.png"
        ],
        "W": "textures/water/water_texture.png",
        "P": "textures/player/player_texture.png",
        "E": "textures/enemy/enemy_texture.png"
    }
}